timestamp,context_id,scenario_id,provider,latency_ms,risk_level,control_allowed,need_human_review,validation
2026-06-16T15:56:31.551971+00:00,c7602a4e-008e-4970-b7d2-24f3d6b13df8,lab_overcrowded_high_co2,mock,0.02,HIGH,False,True,OK
2026-06-16T15:56:31.555946+00:00,ff67e5fe-9226-4708-b3de-d5ec1c656dab,fire_alarm_conflict,mock,0.02,MEDIUM,False,True,OK
2026-06-16T15:56:31.562411+00:00,ed4cc41c-0a87-4d85-949e-567a03784aaf,fire_alarm_conflict,mock,0.02,MEDIUM,False,True,OK
2026-06-18T00:23:02.622021+00:00,7bf9d20c-cabd-4ddf-9d63-9f221aeb8d9b,lab_overcrowded_high_co2,mock,0.04,HIGH,False,True,OK
2026-06-18T00:23:02.627070+00:00,cfe980c8-4319-4d77-a450-ce61b39301b3,fire_alarm_conflict,mock,0.04,MEDIUM,False,True,OK
2026-06-18T00:23:02.634788+00:00,857a0fa1-438f-4f58-bcfe-3f27662be7c7,fire_alarm_conflict,mock,0.03,MEDIUM,False,True,OK
2026-06-18T00:24:29.572787+00:00,4bacd8ac-7c5e-4f3a-a636-6dbd0719c549,lab_overcrowded_high_co2,mock,0.04,HIGH,False,True,OK
2026-06-18T00:24:37.556982+00:00,7c0ab50c-b0c7-480d-a3cc-98b156f8e8b6,lab_overcrowded_high_co2,mock,0.04,HIGH,False,True,OK
2026-06-18T00:24:37.954645+00:00,f2cb1cb6-9ee5-453e-9abe-b43c54899133,lab_overcrowded_high_co2,mock,0.04,HIGH,False,True,OK
2026-06-18T00:24:39.055603+00:00,8fabb5fa-326c-485e-821e-4239413316c4,lab_overcrowded_high_co2,mock,0.04,HIGH,False,True,OK
2026-06-18T00:24:40.072731+00:00,d9288b54-404c-4f88-852e-d5eb481114bb,lab_overcrowded_high_co2,mock,0.03,HIGH,False,True,OK
2026-06-18T00:24:40.856695+00:00,793970f4-43fd-439c-9c48-3791fa7aa21c,lab_overcrowded_high_co2,mock,0.03,HIGH,False,True,OK
2026-06-18T00:24:41.374676+00:00,a8182cd6-0dbb-4b46-8fe7-6568f617e988,lab_overcrowded_high_co2,mock,0.03,HIGH,False,True,OK
2026-06-18T00:24:43.507303+00:00,4c810e0d-92cd-4885-b00c-5483fe3daa13,lab_overcrowded_high_co2,mock,0.04,HIGH,False,True,OK
2026-06-18T00:24:59.309497+00:00,4f1d1c3e-0e90-495b-a8d8-9654b71df67e,lab_overcrowded_high_co2,mock,0.03,HIGH,False,True,OK
2026-06-18T00:25:00.211021+00:00,d49b9ad4-6f8f-44c1-962a-a17c8fc7630a,lab_overcrowded_high_co2,mock,0.03,HIGH,False,True,OK
2026-06-18T00:25:00.739454+00:00,5b7403ab-f215-4f53-88af-2e6ac305cceb,lab_overcrowded_high_co2,mock,0.04,HIGH,False,True,OK
2026-06-18T00:25:00.894838+00:00,2f1ee41e-a75d-4c5f-a3f8-bd50bb6fac7b,lab_overcrowded_high_co2,mock,0.04,CRITICAL,False,True,OK
2026-06-18T00:25:01.074399+00:00,6a00074e-4246-4a27-a20c-7f72537d2920,lab_overcrowded_high_co2,mock,0.03,HIGH,False,True,OK
2026-06-18T00:25:06.230190+00:00,2a0e6722-f17a-4f10-b641-e7a6f2049d03,lab_overcrowded_high_co2,mock,0.03,HIGH,False,True,OK
2026-06-18T00:25:07.612628+00:00,a66e38bd-4d0c-4001-afeb-fe55833925e6,lab_overcrowded_high_co2,mock,0.04,HIGH,False,True,OK
2026-06-18T00:25:10.064265+00:00,22b04cf8-5b02-4b8c-a8e8-3be993ae100e,lab_overcrowded_high_co2,mock,0.03,HIGH,False,True,OK
2026-06-18T00:25:10.581116+00:00,8bef64e5-98a1-4b56-afc0-41350f048433,lab_overcrowded_high_co2,mock,0.05,HIGH,False,True,OK
2026-06-18T00:25:11.012990+00:00,5445ab2a-0984-44ff-96f9-2867ad68c497,lab_overcrowded_high_co2,mock,0.04,HIGH,False,True,OK
2026-06-18T00:25:11.296504+00:00,8762f4e7-713a-4f24-b701-3b49117f5ffc,lab_overcrowded_high_co2,mock,0.04,HIGH,False,True,OK
2026-06-18T00:25:11.429191+00:00,48aa46be-4f51-4a65-8cf7-423b57672031,lab_overcrowded_high_co2,mock,0.03,CRITICAL,False,True,OK
2026-06-18T00:25:11.563149+00:00,33d517ad-f518-4837-8ba3-2522a047a05a,lab_overcrowded_high_co2,mock,0.04,HIGH,False,True,OK
2026-06-18T00:25:11.679749+00:00,305dc2b8-5cc2-4f74-a4e0-30f0c7dcaa95,lab_overcrowded_high_co2,mock,0.04,HIGH,False,True,OK
2026-06-18T00:25:11.946429+00:00,0fbda6e5-c5e4-4be4-995d-6dfd75d94eb3,lab_overcrowded_high_co2,mock,0.03,HIGH,False,True,OK
2026-06-18T00:25:12.097644+00:00,8fe372b1-89ea-4753-b864-1e0dedf5980c,lab_overcrowded_high_co2,mock,0.03,HIGH,False,True,OK
2026-06-18T03:24:01.396727+00:00,8e137f06-2e5a-44f9-a709-c066472efa0f,lab_overcrowded_high_co2,mock,0.05,HIGH,False,True,OK
2026-06-18T03:24:12.058412+00:00,d1b1af19-020b-492e-9355-9c6f75245e46,lab_overcrowded_high_co2,mock,0.04,HIGH,False,True,OK
2026-06-18T03:24:12.674684+00:00,e704c459-98c8-4755-8593-352546936d54,lab_overcrowded_high_co2,mock,0.04,HIGH,False,True,OK
2026-06-18T03:24:13.058071+00:00,f6871b58-b97e-4607-a44f-375098b64874,lab_overcrowded_high_co2,mock,0.04,HIGH,False,True,OK
2026-06-18T03:25:20.763429+00:00,317939ea-4886-4287-931b-0a07f08acadf,lab_overcrowded_high_co2,local-failed-fallback-mock,60018.16,HIGH,False,True,OK
2026-06-18T03:25:41.331199+00:00,71345a01-8e9c-4509-b340-9aa08ac04d5e,lab_overcrowded_high_co2,local-failed-fallback-mock,60003.79,CRITICAL,False,True,OK
2026-06-18T03:25:41.462060+00:00,db1340f1-e9aa-4d87-83ad-6d90ed90892a,lab_overcrowded_high_co2,local-failed-fallback-mock,60003.25,CRITICAL,False,True,OK
2026-06-18T03:25:41.746287+00:00,246058cb-d138-4f3a-bf70-99159ad8e08c,lab_overcrowded_high_co2,local-failed-fallback-mock,60001.78,CRITICAL,False,True,OK
2026-06-18T03:25:41.878622+00:00,96fd4dc5-50a0-4eec-9aff-f8bab5ab793f,lab_overcrowded_high_co2,local-failed-fallback-mock,60000.39,CRITICAL,False,True,OK
2026-06-18T03:26:20.779736+00:00,c53ac2df-d98d-41ba-835b-583a05c06d83,lab_overcrowded_high_co2,local-failed-fallback-mock,60001.27,HIGH,False,True,OK
2026-06-18T03:26:41.363453+00:00,f309d476-4f3a-439d-96e8-d1aa568c53d0,lab_overcrowded_high_co2,local-failed-fallback-mock,60014.35,CRITICAL,False,True,OK
2026-06-18T03:26:41.481093+00:00,a820653f-362f-41f8-ad27-3080d308e9b1,lab_overcrowded_high_co2,local-failed-fallback-mock,60012.54,CRITICAL,False,True,OK
2026-06-18T03:26:41.525721+00:00,f19e9333-7b8f-4537-aa91-4189a5a28fe6,lab_overcrowded_high_co2,mock,0.03,HIGH,False,True,OK
2026-06-18T03:26:41.762015+00:00,58b8cc06-b0cb-4de4-bc7f-c9963b37d6ae,lab_overcrowded_high_co2,local-failed-fallback-mock,60009.18,CRITICAL,False,True,OK
2026-06-18T03:26:41.884232+00:00,80c03b01-20c8-4564-b6a0-4b02ae0fbcdf,lab_overcrowded_high_co2,local-failed-fallback-mock,60000.9,CRITICAL,False,True,OK
2026-06-18T03:27:06.165762+00:00,795d4b60-c071-4f81-96db-7638925ab511,lab_overcrowded_high_co2,mock,0.32,HIGH,False,True,OK
2026-06-18T03:27:06.531587+00:00,66aca047-3890-4295-926f-680982c27ece,lab_overcrowded_high_co2,mock,0.04,HIGH,False,True,OK
2026-06-18T03:27:20.789418+00:00,d88f2742-86e3-4b4b-ad80-a96cf3520e30,lab_overcrowded_high_co2,local-failed-fallback-mock,60002.19,HIGH,False,True,OK
2026-06-18T03:27:41.440710+00:00,fb79ddd7-4264-4e4a-ade6-437c62c76232,lab_overcrowded_high_co2,local-failed-fallback-mock,60010.97,HIGH,False,True,OK
2026-06-18T03:27:41.455448+00:00,db27506f-eebf-4f18-a643-47e2e3c2b9be,lab_overcrowded_high_co2,local-failed-fallback-mock,60017.2,HIGH,False,True,OK
2026-06-18T03:27:41.457194+00:00,deffe307-b229-421c-bb70-e8530e1d6ee6,lab_overcrowded_high_co2,local-failed-fallback-mock,60020.56,HIGH,False,True,OK
2026-06-18T03:27:41.464384+00:00,3d55f840-3fd1-47f5-92d3-555f2c1ebd88,lab_overcrowded_high_co2,local-failed-fallback-mock,60019.96,HIGH,False,True,OK
2026-06-18T03:27:41.466901+00:00,44479372-e7b9-41dc-84fc-0fa4672c9266,lab_overcrowded_high_co2,local-failed-fallback-mock,60019.52,HIGH,False,True,OK
2026-06-18T03:27:41.467461+00:00,e3ec6f64-6755-4a61-a0e6-61c8dca8da0d,lab_overcrowded_high_co2,local-failed-fallback-mock,60015.84,HIGH,False,True,OK
2026-06-18T03:27:41.470933+00:00,d6ae62c6-8504-4797-b559-85158cf18ec7,lab_overcrowded_high_co2,local-failed-fallback-mock,60011.62,HIGH,False,True,OK
2026-06-18T03:27:41.474882+00:00,fba968ff-d368-488d-be42-42965718484c,lab_overcrowded_high_co2,local-failed-fallback-mock,60011.12,HIGH,False,True,OK
2026-06-18T03:27:41.480491+00:00,73a512b9-7505-46f5-886a-f4ac802d67a8,lab_overcrowded_high_co2,local-failed-fallback-mock,60011.19,HIGH,False,True,OK
2026-06-18T03:28:09.678543+00:00,14f5c922-365b-4747-a60d-ac7f518560f2,lab_overcrowded_high_co2,local,32181.87,LOW,False,True,OK
2026-06-18T03:28:43.043701+00:00,4d5fb7f3-4359-471a-9434-18af423415ff,lab_overcrowded_high_co2,local,43196.48,MEDIUM,False,True,OK
2026-06-18T03:38:25.818426+00:00,871ba2e0-21a2-43c8-b7f3-0f6e1dd4fce1,lab_overcrowded_high_co2,mock,0.06,HIGH,False,True,OK
2026-06-18T03:38:27.362289+00:00,f6144da6-6226-471a-89d3-003a33ee113a,lab_overcrowded_high_co2,mock,0.03,HIGH,False,True,OK
2026-06-18T03:38:28.180694+00:00,dc44c445-256b-46be-a449-941a09918230,lab_overcrowded_high_co2,mock,0.03,HIGH,False,True,OK
2026-06-18T03:38:28.897509+00:00,10767a9e-a156-4a6e-849b-26d2adc583d3,lab_overcrowded_high_co2,mock,0.03,HIGH,False,True,OK
2026-06-18T03:38:29.098386+00:00,012ee6ee-c493-499b-aa38-85b51958ff35,lab_overcrowded_high_co2,mock,0.04,HIGH,False,True,OK
2026-06-18T03:38:29.266202+00:00,51508e68-c14f-4512-ba8f-0cab339d0034,lab_overcrowded_high_co2,mock,0.03,CRITICAL,False,True,OK
2026-06-18T03:38:29.413323+00:00,352bf0d7-d605-4dd9-b9b5-1a9414bbc12d,lab_overcrowded_high_co2,mock,0.03,HIGH,False,True,OK
2026-06-18T03:38:29.563791+00:00,da8b1ab6-ad4c-4472-94f5-e04c1aa7c754,lab_overcrowded_high_co2,mock,0.03,HIGH,False,True,OK
2026-06-18T03:38:29.713634+00:00,c0a803ed-b359-4d55-903e-b451e039e9a6,lab_overcrowded_high_co2,mock,0.03,HIGH,False,True,OK
2026-06-18T03:38:32.364660+00:00,a2764a95-54ed-44b0-92ad-d2ecad30fc8c,lab_overcrowded_high_co2,mock,0.03,HIGH,False,True,OK
2026-06-18T03:38:32.647603+00:00,31dd590a-a602-40bc-8c57-e812ce804006,lab_overcrowded_high_co2,mock,0.04,HIGH,False,True,OK
2026-06-18T03:38:32.814819+00:00,90a08d91-d336-4257-b91e-86f8a0155233,lab_overcrowded_high_co2,mock,0.04,HIGH,False,True,OK
2026-06-18T03:38:32.947547+00:00,8780be98-401a-45c5-ba0c-e642583238ac,lab_overcrowded_high_co2,mock,0.03,CRITICAL,False,True,OK
2026-06-18T03:38:33.081899+00:00,edd20da8-7532-42d3-b86d-2b52e31ff894,lab_overcrowded_high_co2,mock,0.04,HIGH,False,True,OK
2026-06-18T03:38:33.214213+00:00,cb4840a8-08c7-4c19-ae9d-159c7f006f04,lab_overcrowded_high_co2,mock,0.03,HIGH,False,True,OK
2026-06-18T03:38:33.814256+00:00,a5a172fc-b3eb-4f79-aa21-f3077b32f1b5,lab_overcrowded_high_co2,mock,0.03,HIGH,False,True,OK
2026-06-18T03:38:33.982307+00:00,87d6fafd-0759-4d75-8f3b-7a5d0358c571,lab_overcrowded_high_co2,mock,0.04,CRITICAL,False,True,OK
2026-06-18T03:38:34.116651+00:00,83394301-906d-4d2d-8e70-57a7ca754955,lab_overcrowded_high_co2,mock,0.04,HIGH,False,True,OK
2026-06-18T03:38:34.281964+00:00,a8fa4980-c34d-4a27-8479-96fb511f5789,lab_overcrowded_high_co2,mock,0.04,HIGH,False,True,OK
2026-06-18T03:38:35.032773+00:00,6d4b8501-97e0-4c3b-b951-b2df123d8d5d,lab_overcrowded_high_co2,mock,0.03,HIGH,False,True,OK
2026-06-18T03:38:39.233478+00:00,3e52baae-bfc2-462d-a979-87377a282542,lab_overcrowded_high_co2,mock,0.03,HIGH,False,True,OK
2026-06-18T03:38:39.883092+00:00,d1203f28-3e8a-42b7-a083-d660001d16ef,lab_overcrowded_high_co2,mock,0.09,HIGH,False,True,OK
2026-06-18T03:38:40.365672+00:00,a783dc2e-07f5-4594-83c6-adf475144061,lab_overcrowded_high_co2,mock,0.04,HIGH,False,True,OK
2026-06-18T03:38:40.666018+00:00,f9cf6f88-776b-4560-b122-33ecc359f90f,lab_overcrowded_high_co2,mock,0.04,CRITICAL,False,True,OK
2026-06-18T03:38:40.814810+00:00,91de0170-597d-41a1-9c25-139104c10234,lab_overcrowded_high_co2,mock,0.03,HIGH,False,True,OK
2026-06-18T03:39:22.826161+00:00,10e5dd45-b86a-4dd9-b9c1-3bb99b0b3d1b,lab_overcrowded_high_co2,local,38296.26,HIGH,False,True,OK
2026-06-18T03:40:16.999865+00:00,2f05a1f7-7b02-485a-a1ec-cc6149aa7107,lab_overcrowded_high_co2,local-failed-fallback-mock,60001.23,CRITICAL,False,True,OK
2026-06-18T03:40:20.254565+00:00,17152bc9-a766-449a-9298-9219d3684af3,lab_overcrowded_high_co2,local-failed-fallback-mock,60006.23,HIGH,False,True,OK
2026-06-18T03:40:22.832284+00:00,aaeaa128-0732-4fd4-8380-5216d7877a7c,lab_overcrowded_high_co2,local-failed-fallback-mock,59999.36,HIGH,False,True,OK
2026-06-18T03:40:34.162796+00:00,77df480d-446f-402b-9706-a58fc4e8de26,lab_overcrowded_high_co2,local-failed-fallback-mock,60003.57,HIGH,False,True,OK
2026-06-18T03:40:34.358540+00:00,d013dc0e-674a-4abc-a29e-0286a4c528aa,lab_overcrowded_high_co2,local-failed-fallback-mock,60001.37,HIGH,False,True,OK
2026-06-18T03:41:14.387913+00:00,8ad65b75-79b4-4ccd-8257-cc5952d145df,lab_overcrowded_high_co2,local,57381.16,LOW,False,True,OK
2026-06-18T03:45:26.171691+00:00,0b31c348-34ff-4cfa-99ce-d3815c37bf6a,lab_overcrowded_high_co2,local,31038.48,LOW,False,True,OK
2026-06-18T03:46:28.474115+00:00,acab012f-c7d7-4cc9-962d-ba8bfc3942c2,lab_overcrowded_high_co2,mock,0.2,HIGH,False,True,OK
2026-06-18T03:46:30.075463+00:00,b0e1bbd1-94ae-4d9f-ba61-b81b92b71044,lab_overcrowded_high_co2,mock,0.06,HIGH,False,True,OK
2026-06-18T03:46:30.726005+00:00,40f9f299-7187-4cf4-9576-5dd31879e667,lab_overcrowded_high_co2,mock,0.03,HIGH,False,True,OK
2026-06-18T03:46:33.363891+00:00,d455445b-fded-4569-b03c-fef62c152575,lab_overcrowded_high_co2,mock,0.04,HIGH,False,True,OK
2026-06-18T03:46:34.262632+00:00,24baee05-67e7-4790-a166-fafa2102b99e,lab_overcrowded_high_co2,mock,0.03,HIGH,False,True,OK
2026-06-18T03:46:35.446886+00:00,de6f007c-7158-493b-88c5-cf164d4e716d,lab_overcrowded_high_co2,mock,0.03,HIGH,False,True,OK
2026-06-18T03:46:35.929873+00:00,3db1773c-4c5f-4ee7-a4b0-12166d2ffaf9,lab_overcrowded_high_co2,mock,0.04,HIGH,False,True,OK
2026-06-18T03:46:36.317829+00:00,a38a5928-f923-4010-bb90-3a27790e3d20,lab_overcrowded_high_co2,mock,0.04,HIGH,False,True,OK
2026-06-18T03:46:36.750732+00:00,98de90ec-94b5-4ac4-82da-a150028a91b4,lab_overcrowded_high_co2,mock,0.04,CRITICAL,False,True,OK
2026-06-18T03:46:37.133273+00:00,7f9028d7-2545-44ca-8cbc-c059dc99fed2,lab_overcrowded_high_co2,mock,0.04,HIGH,False,True,OK
2026-06-18T03:46:39.580184+00:00,8991d949-6283-4de2-bab3-298a5d418974,lab_overcrowded_high_co2,mock,0.04,HIGH,False,True,OK
2026-06-18T03:46:39.763491+00:00,2c416481-3e54-491e-ab35-a3629f5b0fc8,lab_overcrowded_high_co2,mock,0.04,HIGH,False,True,OK
2026-06-18T03:46:39.914079+00:00,90dd0366-43c3-4f95-85e5-680c17e7663d,lab_overcrowded_high_co2,mock,0.04,HIGH,False,True,OK
2026-06-18T03:46:40.080197+00:00,d9aa0ce3-8471-4903-854a-8d4a1e71a596,lab_overcrowded_high_co2,mock,0.04,CRITICAL,False,True,OK
2026-06-18T03:46:40.229586+00:00,2daf20ae-9247-4bdd-bf28-9d9bc91359ba,lab_overcrowded_high_co2,mock,0.03,HIGH,False,True,OK
2026-06-18T03:46:45.931618+00:00,1689c923-1696-4737-8047-0d4fa604ab03,lab_overcrowded_high_co2,mock,0.05,CRITICAL,False,True,OK
2026-06-18T03:46:46.665044+00:00,de8a2bcb-8fe2-43a6-bde7-d340f5d3257c,lab_overcrowded_high_co2,mock,0.03,HIGH,False,True,OK
2026-06-18T03:46:47.151507+00:00,a5c189be-d94f-424b-8738-0a33816691c6,lab_overcrowded_high_co2,mock,0.03,HIGH,False,True,OK
2026-06-18T03:46:47.297351+00:00,d4e7e007-614d-4a43-ad0f-40ad79156b51,lab_overcrowded_high_co2,mock,0.03,HIGH,False,True,OK
2026-06-18T03:46:47.448219+00:00,769ccb2a-071a-488e-8b66-7cd3d9bf7044,lab_overcrowded_high_co2,mock,0.04,CRITICAL,False,True,OK
2026-06-18T03:46:47.586036+00:00,f26ce4e4-d6d4-4b60-a5d6-39a039b96cdf,lab_overcrowded_high_co2,mock,0.04,HIGH,False,True,OK
2026-06-18T03:46:47.748350+00:00,50d7ea6e-a6db-4acf-8ee0-4301f6295782,lab_overcrowded_high_co2,mock,0.04,HIGH,False,True,OK
2026-06-18T03:46:48.000538+00:00,1f2ca237-562b-481a-a93f-2c9644bedc14,lab_overcrowded_high_co2,mock,0.03,HIGH,False,True,OK
2026-06-18T03:46:48.148711+00:00,f434a451-a2dd-4be2-aa34-83b3c673f9bc,lab_overcrowded_high_co2,mock,0.04,HIGH,False,True,OK
2026-06-18T03:46:48.302028+00:00,4e5cf176-4ffc-4c95-b9a6-c5eceea8df89,lab_overcrowded_high_co2,mock,0.04,HIGH,False,True,OK
2026-06-18T03:46:48.449889+00:00,7892f4e9-d41d-4a8f-ab0f-d18b6c2960d4,lab_overcrowded_high_co2,mock,0.03,HIGH,False,True,OK
2026-06-18T03:46:48.581536+00:00,58fc4bed-fdb9-4042-8680-2e1a79c4d60e,lab_overcrowded_high_co2,mock,0.03,HIGH,False,True,OK
2026-06-18T03:46:48.735275+00:00,9a667d19-abcc-470f-9e6a-a37832d28d7d,lab_overcrowded_high_co2,mock,0.04,HIGH,False,True,OK
2026-06-18T03:46:48.899110+00:00,59ac3057-ee47-4624-8f77-ec900057666a,lab_overcrowded_high_co2,mock,0.04,CRITICAL,False,True,OK
2026-06-18T03:46:49.052485+00:00,351f7cbc-9c20-41f9-b62f-2eeefc0ba8dc,lab_overcrowded_high_co2,mock,0.05,HIGH,False,True,OK
2026-06-18T03:46:49.218409+00:00,24be9adf-c60e-4f64-ba71-6f7eee8447c1,lab_overcrowded_high_co2,mock,0.03,HIGH,False,True,OK
2026-06-18T03:47:15.521872+00:00,4ae149a0-268e-4807-aaf5-7e642aee9310,lab_overcrowded_high_co2,local,22561.01,HIGH,False,True,OK
2026-06-18T03:52:05.894021+00:00,db487abb-9048-435a-8df8-0e8d9df022da,lab_overcrowded_high_co2,mock,0.21,HIGH,False,True,OK
2026-06-18T03:52:07.809020+00:00,ce43ab85-0dce-4864-8671-8178fd979209,lab_overcrowded_high_co2,mock,0.07,HIGH,False,True,OK
2026-06-18T03:52:08.834299+00:00,a44ca6bd-71c5-4c9e-9c95-66f379fc6496,lab_overcrowded_high_co2,mock,0.03,HIGH,False,True,OK
2026-06-18T03:52:09.305533+00:00,b31b752a-06f9-463a-9f43-729eea06e9f6,lab_overcrowded_high_co2,mock,0.03,HIGH,False,True,OK
2026-06-18T03:52:09.468202+00:00,28b1e506-e077-45a2-8b75-0c582cc52f29,lab_overcrowded_high_co2,mock,0.04,HIGH,False,True,OK
2026-06-18T03:52:09.634275+00:00,d622b188-5486-4542-beb5-d34cbb9ed997,lab_overcrowded_high_co2,mock,0.04,HIGH,False,True,OK
2026-06-18T03:52:09.767365+00:00,eb0adf79-9427-4cf2-b0af-a8189d9c515d,lab_overcrowded_high_co2,mock,0.04,HIGH,False,True,OK
2026-06-18T03:52:10.267893+00:00,7c991c3a-ed76-406e-95fa-c65f8a86578d,lab_overcrowded_high_co2,mock,0.04,HIGH,False,True,OK
2026-06-18T03:52:10.417663+00:00,3cf90eac-6c4d-4c64-9f2c-eefbeaf1b896,lab_overcrowded_high_co2,mock,0.03,HIGH,False,True,OK
2026-06-18T03:52:10.568777+00:00,4bbb7206-f3be-4107-bc8e-5c9372d17d09,lab_overcrowded_high_co2,mock,0.04,HIGH,False,True,OK
2026-06-18T03:52:10.817469+00:00,af862166-85f3-44c8-951f-a5bb28b236c6,lab_overcrowded_high_co2,mock,0.04,CRITICAL,False,True,OK
2026-06-18T03:52:10.951338+00:00,e9f56c61-bdb2-4fe4-896f-8039ca5396a6,lab_overcrowded_high_co2,mock,0.04,HIGH,False,True,OK
2026-06-18T03:52:11.251062+00:00,75ba9e09-c0a8-45d5-8f72-9b323217b347,lab_overcrowded_high_co2,mock,0.04,HIGH,False,True,OK
2026-06-18T03:52:11.383999+00:00,171414ff-8c54-4011-85f9-86c549dacc5e,lab_overcrowded_high_co2,mock,0.03,HIGH,False,True,OK
2026-06-18T03:52:11.551674+00:00,e89b78e2-9699-46db-9edb-ab870e408ec4,lab_overcrowded_high_co2,mock,0.04,HIGH,False,True,OK
2026-06-18T03:52:31.618962+00:00,10fe9f9c-d887-4197-8802-fb75554796b3,lab_overcrowded_high_co2,local,16405.6,MEDIUM,False,True,OK
2026-06-18T03:53:10.572264+00:00,b87303b3-40f9-47bb-9257-f0486126640f,lab_overcrowded_high_co2,local,13568.39,LOW,False,True,OK
2026-06-18T03:53:22.872361+00:00,e389ced9-b3fb-4d50-85f2-fd8ad6b336a8,lab_overcrowded_high_co2,local,12292.42,LOW,False,True,OK
2026-06-18T03:53:39.178515+00:00,3eb48165-0867-4c4a-8df8-f483cc62be66,lab_overcrowded_high_co2,local,17375.24,LOW,False,True,OK
2026-06-18T04:05:37.647942+00:00,41488906-c022-4248-9978-16d34b4c3028,lab_overcrowded_high_co2,local,14276.55,LOW,False,True,OK
2026-06-18T04:05:57.104044+00:00,6eed8c1b-0d86-49c5-bb29-4c43f3e185a3,lab_overcrowded_high_co2,local,19449.04,MEDIUM,False,True,OK
2026-06-18T04:06:10.839112+00:00,3a813377-ef1a-4c8f-a047-5a2b37117ec4,lab_overcrowded_high_co2,local,27221.94,LOW,False,True,OK
2026-06-18T04:06:23.813464+00:00,e19a07fa-db80-4093-a59e-c0d18411a911,lab_overcrowded_high_co2,local,40064.09,LOW,False,True,OK
2026-06-18T04:06:37.673459+00:00,2bce32df-5374-4868-a9fc-c2aa8ad18f11,lab_overcrowded_high_co2,local,53775.95,MEDIUM,False,True,OK
2026-06-18T04:06:44.051200+00:00,2915191a-7f92-4a44-86b5-9acb459e6608,lab_overcrowded_high_co2,local-failed-fallback-mock,60000.96,CRITICAL,False,True,OK
2026-06-18T04:06:57.108377+00:00,b2a7ebc7-b7f3-4e3c-8ed6-7a5457cc1f85,lab_overcrowded_high_co2,local-failed-fallback-mock,59999.86,CRITICAL,False,True,OK
2026-06-18T04:07:10.845429+00:00,3948b14e-cd5b-4b45-b7bc-80d9465b2089,lab_overcrowded_high_co2,local-failed-fallback-mock,60000.46,CRITICAL,False,True,OK
2026-06-18T04:07:22.388458+00:00,54b1f827-5ed4-4a02-97b6-a157d5a8b925,lab_overcrowded_high_co2,local,58568.68,LOW,False,True,OK
2026-06-18T04:07:36.032743+00:00,3d34d2c2-6b44-415e-bb34-0350af4fe1f0,lab_overcrowded_high_co2,local,58354.14,LOW,False,True,OK
2026-06-18T04:07:44.062269+00:00,abc3d9c6-d2f3-4286-a606-2fb4ff1e803c,lab_overcrowded_high_co2,local-failed-fallback-mock,60001.73,CRITICAL,False,True,OK
2026-06-18T04:07:57.124232+00:00,187f534b-2fec-4a31-b74f-f17e06de6746,lab_overcrowded_high_co2,local-failed-fallback-mock,60003.42,CRITICAL,False,True,OK
2026-06-18T04:08:10.852151+00:00,8947cda8-aaa5-4930-bc97-e17a0a9f11c3,lab_overcrowded_high_co2,local-failed-fallback-mock,60001.29,CRITICAL,False,True,OK
2026-06-18T04:08:22.393994+00:00,a1189f7f-db50-42e6-a560-0d89d693e326,lab_overcrowded_high_co2,local-failed-fallback-mock,59999.98,CRITICAL,False,True,OK
2026-06-18T04:08:36.041999+00:00,e3ab69b3-62af-47f8-8686-c7422e341482,lab_overcrowded_high_co2,local-failed-fallback-mock,60000.1,CRITICAL,False,True,OK
2026-06-18T04:08:44.068569+00:00,a7baee4d-ac5a-4fc8-ae83-5edb2fb1bc25,lab_overcrowded_high_co2,local-failed-fallback-mock,60000.69,CRITICAL,False,True,OK
2026-06-18T04:09:10.550157+00:00,2ca1f85d-5de4-4ca0-91ee-a74d6529a65e,lab_overcrowded_high_co2,local,15197.23,LOW,False,True,OK
2026-06-18T04:09:21.133597+00:00,253d18d0-0eaa-4a2f-a03c-e5df870a6ef0,lab_overcrowded_high_co2,local,10577.94,LOW,False,True,OK
2026-06-18T04:09:34.436023+00:00,4837c330-1c33-4a0d-bc07-d27091d67561,lab_overcrowded_high_co2,local,13292.19,LOW,False,True,OK
2026-06-18T04:09:49.870448+00:00,4b2ebf9e-c196-43de-b418-325feb9be367,lab_overcrowded_high_co2,local,22057.01,LOW,False,True,OK
2026-06-18T04:10:01.368379+00:00,277b2641-303a-40bd-a733-fd023425207a,lab_overcrowded_high_co2,local,26920.83,MEDIUM,False,True,OK
2026-06-18T04:10:15.190465+00:00,6576d450-4cf3-4896-9989-0a7e716a5804,lab_overcrowded_high_co2,local,24618.46,MEDIUM,False,True,OK
2026-06-18T04:10:27.977386+00:00,15a85053-00d5-412f-9a00-de2100019eb8,lab_overcrowded_high_co2,local,37137.94,LOW,False,True,OK
2026-06-18T04:10:43.710161+00:00,710ae80e-5e80-4434-b34b-107d31c1144b,lab_overcrowded_high_co2,local,52069.59,MEDIUM,False,True,OK
2026-06-18T04:10:51.773672+00:00,d15fbe6c-03c8-42c9-94b6-7fef1f89f94c,lab_overcrowded_high_co2,local-failed-fallback-mock,60000.12,HIGH,False,True,OK
2026-06-18T04:11:01.374853+00:00,01ca8aeb-3962-4d12-a2f4-c20b2cd7704c,lab_overcrowded_high_co2,local-failed-fallback-mock,60000.03,HIGH,False,True,OK
2026-06-18T04:11:15.199660+00:00,b4f5c902-c5ff-4d33-beed-0d59f1d6e0b3,lab_overcrowded_high_co2,local-failed-fallback-mock,60000.53,CRITICAL,False,True,OK
2026-06-18T04:11:27.985846+00:00,383799b4-73d8-442c-867b-208b7053c9ee,lab_overcrowded_high_co2,local-failed-fallback-mock,60002.11,HIGH,False,True,OK
2026-06-18T04:11:43.718302+00:00,f73b4aa7-ec53-41a4-9e74-c490a6ab5c04,lab_overcrowded_high_co2,local-failed-fallback-mock,59999.73,HIGH,False,True,OK
2026-06-18T04:11:51.782454+00:00,c1d8930e-f7f9-4cc9-8c1e-8a8f361c007f,lab_overcrowded_high_co2,local-failed-fallback-mock,60001.95,HIGH,False,True,OK
2026-06-18T04:12:01.382628+00:00,a68da0c6-af95-4bcb-8b55-f0d34a2aa4fe,lab_overcrowded_high_co2,local-failed-fallback-mock,59999.72,HIGH,False,True,OK
2026-06-18T04:12:15.230289+00:00,dec6b08a-785a-44f5-b84d-2ca12c202903,lab_overcrowded_high_co2,local-failed-fallback-mock,60003.7,CRITICAL,False,True,OK
2026-06-18T04:12:28.017603+00:00,9dad5a58-5ef2-4b1b-9e4b-b5a089e27cc8,lab_overcrowded_high_co2,local-failed-fallback-mock,60013.06,HIGH,False,True,OK
2026-06-18T04:12:43.726730+00:00,6f9c352c-6985-47e5-b821-b8e578e1a80f,lab_overcrowded_high_co2,local-failed-fallback-mock,60000.89,HIGH,False,True,OK
2026-06-18T04:16:13.521738+00:00,b82ca21a-bd29-4481-90b2-a49c2c0b1d3f,lab_overcrowded_high_co2,mock,0.15,HIGH,False,True,OK
2026-06-18T04:16:17.452888+00:00,1c350db3-be5b-4af0-8fd0-96ea8d5e1d94,lab_overcrowded_high_co2,mock,0.03,HIGH,False,True,OK
2026-06-18T04:16:18.019592+00:00,052a8b56-99d3-4bb8-9362-1a680b40b0c9,lab_overcrowded_high_co2,mock,0.03,HIGH,False,True,OK
2026-06-18T04:16:18.185655+00:00,f043877e-7d0c-4607-8aa8-ba5d98830263,lab_overcrowded_high_co2,mock,0.03,HIGH,False,True,OK
2026-06-18T04:16:18.335344+00:00,5773c49e-f540-4385-9aac-d393cf1cba11,lab_overcrowded_high_co2,mock,0.03,HIGH,False,True,OK
2026-06-18T04:16:19.000911+00:00,edeb5821-957a-41f5-a685-a7c8de32afa2,lab_overcrowded_high_co2,mock,0.03,HIGH,False,True,OK
2026-06-18T04:16:19.268482+00:00,00101ed0-f6d5-4876-b710-785e06d385f2,lab_overcrowded_high_co2,mock,0.04,HIGH,False,True,OK
2026-06-18T04:16:19.417441+00:00,818e97d1-a15e-42e6-b9ab-0bc0775ce19b,lab_overcrowded_high_co2,mock,0.04,HIGH,False,True,OK
2026-06-18T04:16:20.369256+00:00,606c7530-191a-4696-8c9d-586e9894e225,lab_overcrowded_high_co2,mock,0.05,CRITICAL,False,True,OK
2026-06-18T04:16:20.803119+00:00,9517a07c-ee74-4e5b-85fd-d7dfafbefde7,lab_overcrowded_high_co2,mock,0.03,HIGH,False,True,OK
2026-06-18T04:16:44.554795+00:00,feca46f8-9175-4a5d-9972-6d9b9d65f7f6,lab_overcrowded_high_co2,local,14420.62,MEDIUM,False,True,OK
2026-06-18T04:16:58.539592+00:00,5c987207-e4f0-469f-a270-fd9fa5e9b541,lab_overcrowded_high_co2,mock,0.29,HIGH,False,True,OK
2026-06-18T04:16:59.918510+00:00,cc3ff7d8-479c-43a5-91e1-a9b8b8bdf132,lab_overcrowded_high_co2,local,15357.24,LOW,False,True,OK
2026-06-18T04:17:05.705029+00:00,2385015b-140b-48f2-990e-dbfecafd05c5,lab_overcrowded_high_co2,mock,0.03,HIGH,False,True,OK
2026-06-18T04:17:13.156831+00:00,7cd93dfe-6d3d-406c-8f78-4981cc85661a,lab_overcrowded_high_co2,mock,0.03,HIGH,False,True,OK
2026-06-18T04:17:27.826802+00:00,5812d0fe-4bc5-4971-b6a6-f75861c16bd4,lab_overcrowded_high_co2,mock,0.03,HIGH,False,True,OK
2026-06-18T04:17:29.044944+00:00,0f108bd3-6781-49f2-aad0-2cb13ff70336,lab_overcrowded_high_co2,mock,0.03,HIGH,False,True,OK
2026-06-18T04:17:29.460546+00:00,e933e1b0-a16f-44a7-b215-ebb9f2809710,lab_overcrowded_high_co2,mock,0.04,HIGH,False,True,OK
2026-06-18T04:17:29.593057+00:00,e28a83b3-3980-45e9-b5b0-d9ee6b17a86d,lab_overcrowded_high_co2,mock,0.04,HIGH,False,True,OK
2026-06-18T04:17:29.759204+00:00,e0c96536-dab2-4337-bdcc-7742e83c8da1,lab_overcrowded_high_co2,mock,0.03,CRITICAL,False,True,OK
2026-06-18T04:17:30.044642+00:00,16a7b1ef-2889-44e7-aab4-b060ada2d49f,lab_overcrowded_high_co2,mock,0.04,HIGH,False,True,OK
2026-06-18T04:17:30.413280+00:00,68c95f2e-fd03-4f5f-bed1-78e89f7d522a,lab_overcrowded_high_co2,mock,0.03,HIGH,False,True,OK
2026-06-18T04:17:30.817589+00:00,a09d468c-1c6f-4d5e-8515-7889262bd071,lab_overcrowded_high_co2,mock,0.03,HIGH,False,True,OK
2026-06-18T04:17:34.831805+00:00,5d4df2f8-70c6-4149-848b-28490ab496c1,lab_overcrowded_high_co2,mock,0.04,HIGH,False,True,OK
2026-06-18T04:17:42.516681+00:00,6005cca9-574d-45f5-ab11-6765c8cfb896,lab_overcrowded_high_co2,mock,0.03,HIGH,False,True,OK
2026-06-18T04:17:45.799327+00:00,7a67bcb0-da0e-4e8c-b146-e62d1a544ebc,lab_overcrowded_high_co2,mock,0.05,HIGH,False,True,OK
2026-06-18T04:17:46.815656+00:00,970444af-8007-4da9-81e0-95c44ca7fc1e,lab_overcrowded_high_co2,mock,0.03,HIGH,False,True,OK
2026-06-18T04:17:58.708228+00:00,ba5b34ab-5598-4557-80b1-fb408aa53f8a,ppe_danger_zone,mock,0.02,LOW,False,True,OK
2026-06-18T04:18:00.791204+00:00,bf2b97cf-c269-4f82-8f2c-97c03509a558,ppe_danger_zone,mock,0.02,LOW,False,True,OK
2026-06-18T04:18:01.216824+00:00,62df532b-89a2-4339-bed6-15977c071fed,ppe_danger_zone,mock,0.02,LOW,False,True,OK
2026-06-18T04:18:01.507377+00:00,29940275-3a19-46f5-9e5f-23eb5aa81a84,ppe_danger_zone,mock,0.02,LOW,False,True,OK
2026-06-18T04:18:02.266583+00:00,6acf78d9-48cf-49ee-80ee-2253f2a26688,ppe_danger_zone,mock,0.02,LOW,False,True,OK
2026-06-18T04:18:02.415996+00:00,7631af32-6d87-4cac-96da-6f59cd37d9dc,ppe_danger_zone,mock,0.03,CRITICAL,False,True,OK
2026-06-18T04:18:02.566378+00:00,c8734822-538e-45d7-93b0-7b5f8bbf2354,ppe_danger_zone,mock,0.03,CRITICAL,False,True,OK
2026-06-18T04:18:02.716706+00:00,afc1cba8-3896-40dc-b380-442ed86d8e69,ppe_danger_zone,mock,0.02,LOW,False,True,OK
2026-06-18T04:18:04.742192+00:00,11fff075-786d-4ffa-bc7c-bd49f1ed5ee9,lab_overcrowded_high_co2,mock,0.04,HIGH,False,True,OK
2026-06-18T04:18:06.291819+00:00,bb869a1b-9a26-4d2c-97c3-07f8a7dd666c,lab_overcrowded_high_co2,mock,0.03,HIGH,False,True,OK
2026-06-18T04:18:06.450809+00:00,df05c1a1-3d5f-497e-b701-d45d98a9c88e,lab_overcrowded_high_co2,mock,0.03,HIGH,False,True,OK
2026-06-18T04:18:06.569194+00:00,96de4c61-0f7a-4d3d-bd8e-6cf901e966f2,lab_overcrowded_high_co2,mock,0.04,HIGH,False,True,OK
2026-06-18T04:18:06.717628+00:00,4e7c694c-bb63-407e-b126-be3711a5872a,lab_overcrowded_high_co2,mock,0.03,CRITICAL,False,True,OK
2026-06-18T04:18:06.849376+00:00,36c03018-0fd3-4753-9cd5-a84ef8329d9d,lab_overcrowded_high_co2,mock,0.03,HIGH,False,True,OK
2026-06-18T04:18:11.355209+00:00,5a767c8c-ea44-475d-90d4-ceeca6ab3b64,lab_overcrowded_high_co2,mock,0.07,HIGH,False,True,OK
2026-06-18T04:18:15.504610+00:00,f8854b47-8ca8-4349-9f81-6665a2f11bc3,lab_overcrowded_high_co2,mock,0.03,HIGH,False,True,OK
2026-06-18T04:18:18.239957+00:00,c3781f70-e9aa-4036-b81c-ae6964d49c8f,lab_overcrowded_high_co2,mock,0.03,HIGH,False,True,OK
2026-06-18T04:18:29.491917+00:00,540e01cb-5883-4657-be55-364b50f29eb0,lab_overcrowded_high_co2,mock,0.05,HIGH,False,True,OK
2026-06-18T04:18:35.808804+00:00,a455f929-585c-4a62-884d-6773c4b6e127,lab_overcrowded_high_co2,mock,0.04,HIGH,False,True,OK
2026-06-18T04:18:37.893614+00:00,65d3d6ee-77d2-4b59-9cbb-6079251b966d,lab_overcrowded_high_co2,mock,0.04,HIGH,False,True,OK
2026-06-18T04:18:50.847657+00:00,de3a704e-5ae4-40fe-9752-1888292a805e,lab_overcrowded_high_co2,mock,0.03,HIGH,False,True,OK
2026-06-18T04:18:53.542012+00:00,0c65e140-1afa-4c71-a22c-a33ea24b589b,lab_overcrowded_high_co2,mock,0.03,HIGH,False,True,OK
2026-06-18T04:18:53.810492+00:00,cc8ba10a-d292-4dcd-914d-fb448cd6c514,lab_overcrowded_high_co2,mock,0.04,CRITICAL,False,True,OK
2026-06-18T04:18:53.961057+00:00,f68aa11d-5889-4fad-83a7-c316a92c02e8,lab_overcrowded_high_co2,mock,0.03,HIGH,False,True,OK
2026-06-18T04:18:54.093059+00:00,f4581b54-0d9d-4958-bfcf-99be1e42bf43,lab_overcrowded_high_co2,mock,0.04,HIGH,False,True,OK
2026-06-18T04:18:54.247134+00:00,82f47585-2e6d-46df-948a-6dd0e32b20a3,lab_overcrowded_high_co2,mock,0.04,HIGH,False,True,OK
2026-06-18T04:18:54.359560+00:00,bc428ab2-7fca-4963-bc35-f5130191a09c,lab_overcrowded_high_co2,mock,0.03,HIGH,False,True,OK
2026-06-18T04:18:54.785145+00:00,0f678e22-4a9f-4cef-8ed7-f0d77008b51e,lab_overcrowded_high_co2,mock,0.03,CRITICAL,False,True,OK
2026-06-18T04:18:54.961684+00:00,b173c76f-df84-410a-a9d3-e50ca924ab43,lab_overcrowded_high_co2,mock,0.03,HIGH,False,True,OK
2026-06-18T04:18:55.093843+00:00,4cc67ec2-5b34-4514-8aa4-4f3ac22a9cec,lab_overcrowded_high_co2,mock,0.03,HIGH,False,True,OK
2026-06-18T04:18:55.643795+00:00,e5e1b8e4-dea1-4103-a807-b775c38781b1,lab_overcrowded_high_co2,mock,0.03,HIGH,False,True,OK
2026-06-18T04:18:56.433338+00:00,c2a7853e-7e38-43f8-8ba8-c39d0048f79b,lab_overcrowded_high_co2,mock,0.03,CRITICAL,False,True,OK
2026-06-18T04:18:57.059930+00:00,49bf0d8b-4275-446d-a6f6-d8c29f339a62,lab_overcrowded_high_co2,mock,0.03,HIGH,False,True,OK
2026-06-18T04:18:57.494209+00:00,80bb0346-14f1-42b4-ba38-fddc444a5acf,lab_overcrowded_high_co2,mock,0.03,HIGH,False,True,OK
2026-06-18T04:18:57.830416+00:00,aa6477e8-616b-43d4-94d0-5d75240ff976,lab_overcrowded_high_co2,mock,0.03,HIGH,False,True,OK
2026-06-18T04:18:57.980345+00:00,fb25eb87-d53c-45ab-86e9-9ef16a68c154,lab_overcrowded_high_co2,mock,0.03,CRITICAL,False,True,OK
2026-06-18T04:18:58.146979+00:00,d13ec248-ecc9-4576-80ee-8d605430d7cc,lab_overcrowded_high_co2,mock,0.03,HIGH,False,True,OK
2026-06-18T04:18:58.311215+00:00,73f15a55-7bcc-4c4d-90e0-655310626c66,lab_overcrowded_high_co2,mock,0.03,HIGH,False,True,OK
2026-06-18T04:18:58.460430+00:00,d3041547-93db-41b3-8715-4c1af055c8af,lab_overcrowded_high_co2,mock,0.03,HIGH,False,True,OK
2026-06-18T04:18:58.611757+00:00,cccdbba4-793b-4048-83e8-55044f368d94,lab_overcrowded_high_co2,mock,0.03,HIGH,False,True,OK
2026-06-18T04:18:58.746832+00:00,c52620cd-321d-41c6-9ed7-07a16cde87b0,lab_overcrowded_high_co2,mock,0.03,CRITICAL,False,True,OK
2026-06-18T04:18:58.893911+00:00,1167bf85-f46b-4632-9606-2b507609ffab,lab_overcrowded_high_co2,mock,0.03,HIGH,False,True,OK
2026-06-18T04:19:30.981062+00:00,3cd19bd8-527e-4b59-bd54-ba3804d31af9,lab_overcrowded_high_co2,local,23114.61,LOW,False,True,OK
2026-06-18T04:20:01.388920+00:00,5564b49e-e0fa-42b6-b9cd-3aad509a88e4,lab_overcrowded_high_co2,local,14675.54,LOW,False,True,OK
2026-06-18T04:20:15.364725+00:00,3ac06d6f-195f-43a3-ae21-e27dd650e6fb,lab_overcrowded_high_co2,local,13969.21,MEDIUM,False,True,OK
2026-06-18T04:20:31.063376+00:00,6e284699-8876-401d-8b87-04b8aa1eeeac,lab_overcrowded_high_co2,local,21905.87,MEDIUM,False,True,OK
2026-06-18T04:20:47.272799+00:00,76c42c08-c6de-4bb4-bb5a-7bcd1701596a,lab_overcrowded_high_co2,local,31898.9,MEDIUM,False,True,OK
2026-06-18T04:23:49.731724+00:00,142a0cbc-d627-487d-ab0f-d7b8b69ac420,lab_overcrowded_high_co2,mock,0.08,HIGH,False,True,OK
2026-06-18T04:23:50.308432+00:00,d844d311-603a-4ad8-a61c-6a108d1388e8,lab_overcrowded_high_co2,mock,0.04,HIGH,False,True,OK
2026-06-18T04:23:50.542090+00:00,5aa9c3ff-d55d-4bdc-877c-a35b5016db9c,lab_overcrowded_high_co2,mock,0.03,HIGH,False,True,OK
2026-06-18T04:23:50.734466+00:00,33ef17c0-9edf-4f66-990d-af00ddce79a9,lab_overcrowded_high_co2,mock,0.03,HIGH,False,True,OK
2026-06-18T04:23:50.926316+00:00,39cd6c40-7f5f-4416-ac97-1417b082ee1d,lab_overcrowded_high_co2,mock,0.05,HIGH,False,True,OK
2026-06-18T04:23:50.992081+00:00,bc9af6dd-db82-473f-93cb-5aa12453b1d2,lab_overcrowded_high_co2,mock,0.06,HIGH,False,True,OK
2026-06-18T04:23:51.260373+00:00,f71c12f0-ef32-4928-a89a-2d4939216296,lab_overcrowded_high_co2,mock,0.05,HIGH,False,True,OK
2026-06-18T04:23:54.851433+00:00,53d9bd44-db4d-4691-99bc-e3ca5ea7b8e9,lab_overcrowded_high_co2,mock,0.03,HIGH,False,True,OK
2026-06-18T04:23:57.000433+00:00,de83d6b6-8a37-4126-b4cd-66f878d94d63,lab_overcrowded_high_co2,mock,0.04,HIGH,False,True,OK
2026-06-18T04:23:57.471475+00:00,ff1e7a20-342b-48d4-b11b-a75e991b37c4,lab_overcrowded_high_co2,mock,0.03,HIGH,False,True,OK
2026-06-18T04:23:57.821452+00:00,39d5a9bb-9b2f-42fe-8b6b-e854d6228b2a,lab_overcrowded_high_co2,mock,0.06,HIGH,False,True,OK
2026-06-18T04:23:58.018026+00:00,b487b322-df10-4560-978a-975ca1b6e9c0,lab_overcrowded_high_co2,mock,0.03,CRITICAL,False,True,OK
2026-06-18T04:23:58.170126+00:00,c32b5426-7169-4915-a984-8b61a3e742dd,lab_overcrowded_high_co2,mock,0.03,HIGH,False,True,OK
2026-06-18T04:23:58.321161+00:00,138b32c2-68dd-4b81-a78d-d10ef0489e47,lab_overcrowded_high_co2,mock,0.03,HIGH,False,True,OK
2026-06-18T04:24:04.770158+00:00,3e54bbe9-7857-4b8b-9460-101069d24e0c,lab_overcrowded_high_co2,mock,0.04,HIGH,False,True,OK
2026-06-18T04:24:08.242018+00:00,90917196-cbc6-4dec-979c-922eb91979af,lab_overcrowded_high_co2,mock,0.03,HIGH,False,True,OK
2026-06-18T04:24:10.738391+00:00,90cb3ea7-c148-41ab-b261-c1c3c81e4a6a,lab_overcrowded_high_co2,mock,0.03,HIGH,False,True,OK
2026-06-18T04:24:10.870648+00:00,0f0c5110-3452-445b-b89e-1a78560f941a,lab_overcrowded_high_co2,mock,0.04,HIGH,False,True,OK
2026-06-18T04:24:11.187576+00:00,fb321888-518e-4e89-bdc5-ef18c0464b90,lab_overcrowded_high_co2,mock,0.03,HIGH,False,True,OK
2026-06-18T04:24:11.337856+00:00,73c8af22-1cd4-4b8b-a588-88950c6e88cc,lab_overcrowded_high_co2,mock,0.04,CRITICAL,False,True,OK
2026-06-18T04:24:11.454635+00:00,6c2ea8f9-cf21-4f43-ad1a-5d4b4f1f48c0,lab_overcrowded_high_co2,mock,0.04,HIGH,False,True,OK
2026-06-18T04:24:12.104348+00:00,3c1fb4ec-7b4c-4467-b141-6f179dedf7f9,lab_overcrowded_high_co2,mock,0.03,HIGH,False,True,OK
2026-06-18T04:24:12.490023+00:00,856c3de3-8225-41e5-88cc-c117273bb802,lab_overcrowded_high_co2,mock,0.03,HIGH,False,True,OK
2026-06-18T04:24:13.003444+00:00,0abb3395-459e-425a-a2aa-54e48a9ce355,lab_overcrowded_high_co2,mock,0.03,HIGH,False,True,OK
2026-06-18T04:24:13.289611+00:00,099cae57-9533-41ba-815f-89b055df3cc8,lab_overcrowded_high_co2,mock,0.03,CRITICAL,False,True,OK
2026-06-18T04:24:13.521784+00:00,cf1c0cf3-29bd-48be-9dc9-ad33c332d330,lab_overcrowded_high_co2,mock,0.03,HIGH,False,True,OK
2026-06-18T04:24:14.088429+00:00,2b96d706-1335-4e89-bba3-ef9982132cfa,lab_overcrowded_high_co2,mock,0.04,HIGH,False,True,OK
2026-06-18T04:24:14.306572+00:00,0dcdd45c-fa81-4464-808e-320ee7797e2a,lab_overcrowded_high_co2,mock,0.03,HIGH,False,True,OK
2026-06-18T04:24:14.472971+00:00,0ac69c16-ecc5-4231-a72d-61df92120330,lab_overcrowded_high_co2,mock,0.03,HIGH,False,True,OK
2026-06-18T04:24:15.038619+00:00,e564bd14-3e27-48ab-9f00-63eec75f371e,lab_overcrowded_high_co2,mock,0.03,CRITICAL,False,True,OK
2026-06-18T04:24:17.156483+00:00,2f47df27-0f64-4e5b-9816-0b6132c537af,lab_overcrowded_high_co2,mock,0.04,CRITICAL,False,True,OK
2026-06-18T04:24:34.437432+00:00,d62ff9cb-d3b7-48cb-bf1c-42271c100b2a,lab_overcrowded_high_co2,local,13714.42,LOW,False,True,OK
2026-06-18T04:24:55.278739+00:00,3289fb0b-66ac-414a-a5e4-033084357ead,lab_overcrowded_high_co2,local,14452.01,LOW,False,True,OK
2026-06-18T04:31:17.696669+00:00,9cbbc0e3-af74-4e90-8644-0e2f6ab0e922,lab_overcrowded_high_co2,mock,0.07,HIGH,False,True,OK
2026-06-18T04:31:18.386598+00:00,719e0b6c-1a17-495b-95c6-1cd8caa4c44f,lab_overcrowded_high_co2,mock,0.05,HIGH,False,True,OK
2026-06-18T04:31:19.399508+00:00,911e0ea6-afbe-4c60-a285-4185504ae33f,lab_overcrowded_high_co2,mock,0.05,HIGH,False,True,OK
2026-06-18T04:31:22.731802+00:00,da7242e9-d0ec-47ef-a10e-9242cb0cf5d6,lab_overcrowded_high_co2,mock,0.03,HIGH,False,True,OK
2026-06-18T04:31:48.058468+00:00,2e94db0d-c84f-4fb4-b36f-279a882db699,lab_overcrowded_high_co2,local,17657.27,LOW,False,True,OK
2026-06-18T04:33:04.937657+00:00,6b4cc839-e28e-4357-b700-1f9b67813646,lab_overcrowded_high_co2,local,18431.02,MEDIUM,False,True,OK
2026-06-18T04:33:20.174314+00:00,6facecf5-af19-4f9b-a109-5773eb4bad1d,lab_overcrowded_high_co2,local,15230.5,LOW,False,True,OK
2026-06-18T04:33:34.048077+00:00,6d9bfde5-6d05-44b4-9e61-5e1bc516f1d1,lab_overcrowded_high_co2,local,26670.01,LOW,False,True,OK
2026-06-18T04:33:47.323922+00:00,a0f0319f-a574-4db2-8337-3ffacb414188,lab_overcrowded_high_co2,local,39814.18,LOW,False,True,OK
2026-06-18T04:34:02.555693+00:00,55df000c-baf8-43a2-afca-0ff42a3801c9,lab_overcrowded_high_co2,local,47339.37,LOW,False,True,OK
2026-06-18T04:34:16.433768+00:00,4c1c9b68-eaaa-4107-9e40-f64421d8557a,lab_overcrowded_high_co2,local-failed-fallback-mock,60005.52,CRITICAL,False,True,OK
2026-06-18T04:34:20.184524+00:00,9af38b22-3fa6-4150-a69c-e6d5db6447be,lab_overcrowded_high_co2,local-failed-fallback-mock,60004.7,CRITICAL,False,True,OK
2026-06-18T04:34:33.685034+00:00,cdd52b07-d4e9-4d9e-b625-84ab1a59f954,lab_overcrowded_high_co2,local,59630.62,LOW,False,True,OK
2026-06-18T04:34:43.231890+00:00,913396f3-4127-4173-b300-2b54d27d0e4b,lab_overcrowded_high_co2,local,55904.61,MEDIUM,False,True,OK
2026-06-18T04:34:55.697411+00:00,d451b95b-a066-4b0f-b725-74282be6d981,lab_overcrowded_high_co2,local,53137.15,LOW,False,True,OK
2026-06-18T04:35:09.236603+00:00,4baf71ad-bfe1-4e19-9adf-9942f09800fe,lab_overcrowded_high_co2,local,52798.0,LOW,False,True,OK
2026-06-18T04:35:20.197420+00:00,b2465de6-3d14-451b-b7e7-b9ff205fee68,lab_overcrowded_high_co2,local-failed-fallback-mock,60007.65,CRITICAL,False,True,OK
2026-06-18T04:35:33.262093+00:00,0e3a2890-050d-4edc-a1f1-30b79961c7c8,lab_overcrowded_high_co2,local,59573.24,LOW,False,True,OK
2026-06-18T04:35:43.241826+00:00,12ffddfd-3f63-4966-b582-3fd668b61016,lab_overcrowded_high_co2,local-failed-fallback-mock,60005.69,CRITICAL,False,True,OK
2026-06-18T04:35:55.706805+00:00,4571c307-4d65-488c-acfe-9b1980d6d7b8,lab_overcrowded_high_co2,local-failed-fallback-mock,60005.4,CRITICAL,False,True,OK
2026-06-18T04:36:08.813574+00:00,5024080b-e0bf-42ce-86e0-4ce520fa3211,lab_overcrowded_high_co2,local,59572.51,LOW,False,True,OK
2026-06-18T04:36:20.209075+00:00,fb3b02ae-b803-4e1c-bbe3-220643d66a5b,lab_overcrowded_high_co2,local-failed-fallback-mock,60005.32,CRITICAL,False,True,OK
2026-06-18T04:36:33.037626+00:00,de5892b3-fd64-45a8-8295-9a357485afd8,lab_overcrowded_high_co2,local,59771.79,MEDIUM,False,True,OK
2026-06-18T04:36:43.252400+00:00,83ebf6ee-4b7a-4659-9fe6-7b7087d5a511,lab_overcrowded_high_co2,local-failed-fallback-mock,60005.51,CRITICAL,False,True,OK
2026-06-18T04:36:55.718410+00:00,a15900ac-8171-4b34-a4f0-4f74fef7d4d9,lab_overcrowded_high_co2,local-failed-fallback-mock,60006.05,CRITICAL,False,True,OK
